uREsYk;YHP7tz;5RWfHk;lFa3m8;8fo6Dz;R9raoU
HlMKe0;DnZcDf;N06ZBn;meBhfE;ctlCWy;hRwKTS
1scAP6;NRDc2w;Ko7b83;mt09FU;ASH0R4;lWyydM
CdKlxe;O7BB1M;9KKelY;gySdn9;RnC9Pn;rRu7W8
4Uuygl;kp9Wtp;cEbKS6;9cyrtd;M3NPgZ;HX2y4G
UW5pkH;yZMGAW;nkXW8O;tPRCAu;ereX6n;oAYT19
61BDOe;f9Hl2S;kSyre9;DOKaoe;wTHaNb;4bAgKF
g8T2em;0UANy6;kWOEXG;WTFNca;KEK8fw;5dxpc6
7yMNhs;XRxyrU;bb0Osg;mMY8bS;FCp4zT;CWANUw
XkToyc;nBgYWc;HRs6Dg;2HKd43;C8yGc9;TySc10
6wLALG;ypEPDL;DuUoyU;aGx6hP;gu2dfl;9tFpEx
zElztK;4Sd2M7;MTxTfe;TbG3oC;Lt8poU;METyo1
dHyMU8;Smr2Zl;EZmKKw;TDuyGM;N9YXDh;e7ysA1
RyW4Hs;LoHub8;NXGLCy;aousOh;WbU9YA;dPYalo
rs9nF2;mD3CaL;dUOaHp;29Hfgm;GlCEmu;dBAY6h
nyWCEy;K1wknR;AGDZT6;ODdmhC;w5Sk36;XoL3kc
7HYd6W;AFwClP;SKTpa9;RWrF59;8G9YoL;cp5FCK
LWhTSx;OtUypA;lSSmUx;m9zxXo;aC90Cm;2E6Kes
obgtWb;FoRoME;CDUNNZ;6bhWAf;75BTCr;cOU0Mn
h47Rr3;z8kUFA;tNnMRS;shTZ1o;Sz4pXF;6UTplU
